SNI 2007;;;
;;;
Detaljgrupp (Officiell kodstruktur);Detaljgrupp;Benämning ;
01.110;01110;Odling av spannmål (utom ris), baljväxter och oljeväxter;
01.120;01120;Odling av ris;
01.131;01131;Potatisodling;
01.132;01132;Sockerbetsodling;
01.133;01133;Odling av grönsaker (köksväxter) på friland;
01.134;01134;Odling av grönsaker (köksväxter) i växthus;
01.135;01135;Svampodling m.m.;
01.140;01140;Odling av sockerrör;
01.150;01150;Odling av tobak;
01.160;01160;Odling av fiberväxter;
01.191;01191;Odling av prydnadsväxter i växthus;
01.199;01199;Odling av övriga ett- och tvååriga växter;
01.210;01210;Odling av druvor;
01.220;01220;Odling av tropiska och subtropiska frukter;
01.230;01230;Odling av citrusfrukter;
01.240;01240;Odling av kärnfrukter och stenfrukter;
01.250;01250;Odling av andra frukter och bär samt nötter;
01.260;01260;Odling av oljehaltiga frukter;
01.270;01270;Odling av växter för dryckesframställning;
01.280;01280;Odling av kryddväxter, drog- och medicinalväxter;
01.290;01290;Odling av andra fleråriga växter;
01.301;01301;Odling av plantskoleväxter i växthus;
01.302;01302;Odling av plantskoleväxter m.m. på friland;
01.410;01410;Mjölkproduktion och uppfödning av nötkreatur av mjölkras;
01.420;01420;Uppfödning av andra nötkreatur och bufflar;
01.430;01430;Uppfödning av hästar och andra hästdjur;
01.440;01440;Uppfödning av kameler och kameldjur;
01.450;01450;Uppfödning av får och getter;
01.461;01461;Uppfödning av smågrisar;
01.462;01462;Uppfödning av slaktsvin;
01.471;01471;Äggproduktion (för försäljning);
01.472;01472;Uppfödning av fjäderfä, ej äggproduktion;
01.491;01491;Renskötsel;
01.492;01492;Uppfödning av sällskapsdjur;
01.499;01499;Övrig uppfödning av andra djur;
01.500;01500;Blandat jordbruk;
01.610;01610;Service till växtodling;
01.620;01620;Service till husdjursskötsel;
01.630;01630;Bearbetning av skördade växter;
01.640;01640;Bearbetning av utsäde;
01.700;01700;Jakt och service i anslutning härtill;
02.101;02101;Skogsförvaltning;
02.102;02102;Skogsskötsel;
02.109;02109;Övrig skoglig verksamhet;
02.200;02200;Drivning;
02.300;02300;Insamling av annat vilt växande skogsmaterial än trä;
02.401;02401;Virkesmätning;
02.409;02409;Övrig service till skogsbruk;
03.111;03111;Trålfiske i saltvatten;
03.119;03119;Övrigt saltvattensfiske;
03.120;03120;Sötvattensfiske;
03.210;03210;Fiskodling i saltvatten;
03.220;03220;Fiskodling i sötvatten;
05.100;05100;Stenkolsutvinning;
05.200;05200;Brunkolsutvinning;
06.100;06100;Utvinning av råpetroleum;
06.200;06200;Utvinning av naturgas;
07.100;07100;Järnmalmsutvinning;
07.210;07210;Utvinning av uran- och toriummalm;
07.290;07290;Utvinning av annan malm;
08.110;08110;Brytning av natursten, kalk- och gipssten, krita och skiffer;
08.120;08120;"Utvinning av sand, grus och berg; utvinning av lera och kaolin";
08.910;08910;Brytning av kemiska mineral;
08.920;08920;Torvutvinning;
08.930;08930;Saltutvinning;
08.990;08990;Diverse övrig utvinning av mineral;
09.100;09100;Stödtjänster till råpetroleum- och naturgasutvinning;
09.900;09900;Stödtjänster till annan utvinning;
10.111;10111;Kreatursslakt;
10.112;10112;Styckning av kött;
10.120;10120;Beredning och hållbarhetsbehandling av fjäderfäkött;
10.130;10130;Charkuteri- och annan köttvarutillverkning;
10.200;10200;Beredning och hållbarhetsbehandling av fisk samt skal- och blötdjur;
10.310;10310;Beredning och hållbarhetsbehandling av potatis;
10.320;10320;Juice- och safttillverkning;
10.390;10390;Annan beredning och hållbarhetsbehandling av frukt, bär och grönsaker;
10.410;10410;Framställning av oljor och fetter;
10.420;10420;Matfettstillverkning;
10.511;10511;Osttillverkning;
10.519;10519;Annan mejerivarutillverkning;
10.520;10520;Glasstillverkning;
10.611;10611;Mjöltillverkning;
10.612;10612;Tillverkning av frukostflingor, mixer och andra livsmedelsberedningar av kvarnprodukter;
10.620;10620;Stärkelsetillverkning;
10.710;10710;Tillverkning av mjukt matbröd och färska bakverk;
10.721;10721;Knäckebrödstillverkning;
10.722;10722;Tillverkning av kex och konserverade bakverk;
10.730;10730;Tillverkning av pastaprodukter;
10.810;10810;Sockertillverkning;
10.821;10821;Tillverkning av sockerkonfektyrer;
10.822;10822;Tillverkning av choklad och chokladkonfektyrer;
10.830;10830;Framställning av te och kaffe;
10.840;10840;Tillverkning av senap, ketchup, kryddor och andra smaksättningsmedel;
10.850;10850;Tillverkning av lagad mat och färdigrätter;
10.860;10860;Tillverkning av homogeniserade livsmedelspreparat inklusive dietmat;
10.890;10890;Framställning av andra livsmedel;
10.910;10910;Framställning av beredda fodermedel;
10.920;10920;Framställning av mat till sällskapsdjur;
11.010;11010;Destillering, rening och tillblandning av spritdrycker;
11.020;11020;Framställning av vin från druvor;
11.030;11030;Framställning av cider och andra fruktviner;
11.040;11040;Framställning av andra icke-destillerade jästa drycker;
11.050;11050;Framställning av öl;
11.060;11060;Framställning av malt;
11.070;11070;Framställning av läskedrycker, mineralvatten och annat vatten på flaska;
12.000;12000;Tobaksvarutillverkning;
13.100;13100;Garntillverkning;
13.200;13200;Vävnadstillverkning;
13.300;13300;Blekning, färgning och annan textilberedning;
13.910;13910;Tillverkning av trikåväv;
13.921;13921;Sömnad av gardiner, sängkläder och linnevaror;
13.922;13922;Tillverkning av presenningar, tält, segel o.d.;
13.930;13930;Tillverkning av mattor;
13.940;13940;Tågvirkes- och bindgarnstillverkning;
13.950;13950;Tillverkning av bondad duk;
13.960;13960;Tillverkning av andra tekniska textilier och industritextilier;
13.990;13990;Övrig textilietillverkning;
14.110;14110;Tillverkning av läder- och skinnkläder;
14.120;14120;Tillverkning av arbets-, skydds- och överdragskläder;
14.130;14130;Tillverkning av andra gång- och ytterkläder;
14.140;14140;Tillverkning av underkläder, skjortor och blusar;
14.190;14190;Tillverkning av andra beklädnadsvaror och tillbehör;
14.200;14200;Tillverkning av pälsvaror;
14.310;14310;Tillverkning av strumpor;
14.390;14390;Tillverkning av andra trikåvaror;
15.110;15110;"Garvning och annan läderberedning; pälsberedning";
15.120;15120;Tillverkning av reseffekter, handväskor, sadel- och seldon m. m.;
15.200;15200;Tillverkning av skodon;
16.101;16101;Sågning av trä;
16.102;16102;Hyvling av trä;
16.103;16103;Träimpregnering;
16.210;16210;Tillverkning av fanér och träbaserade skivor;
16.220;16220;Tillverkning av sammansatta parkettgolv;
16.231;16231;Tillverkning av monteringsfärdiga trähus;
16.232;16232;Tillverkning av dörrar av trä;
16.233;16233;Tillverkning av fönster av trä;
16.239;16239;Tillverkning av övriga byggnads- och inredningssnickerier;
16.240;16240;Träförpackningstillverkning;
16.291;16291;Tillverkning av förädlade trädbränslen;
16.292;16292;Övrig trävarutillverkning;
16.293;16293;Tillverkning av varor av kork, halm, rotting o.d.;
17.111;17111;Tillverkning av mekanisk eller halvkemisk massa;
17.112;17112;Sulfatmassatillverkning;
17.113;17113;Sulfitmassatillverkning;
17.121;17121;Tillverkning av tidnings- och journalpapper;
17.122;17122;Tryckpapperstillverkning, ej tidnings- och journalpapper;
17.123;17123;Tillverkning av kraftpapper och kraftpapp;
17.129;17129;Övrig tillverkning av papper och papp;
17.211;17211;Tillverkning av wellpapp och wellpappförpackningar;
17.219;17219;Övrig tillverkning av pappers- och pappförpackningar;
17.220;17220;Tillverkning av hushålls- och hygienartiklar av papper;
17.230;17230;Tillverkning av skrivpapper, kuvert o.d.;
17.240;17240;Tapettillverkning;
17.290;17290;Tillverkning av andra pappers- och pappvaror;
18.110;18110;Tryckning av dagstidningar;
18.121;18121;Tryckning av tidskrifter;
18.122;18122;Tryckning av böcker och övriga trycksaker;
18.130;18130;Grafiska tjänster före tryckning (prepress/premedia);
18.140;18140;Bokbindning och andra tjänster i samband med tryckning;
18.200;18200;Reproduktion av inspelningar;
19.100;19100;Tillverkning av stenkolsprodukter;
19.200;19200;Petroleumraffinering;
20.110;20110;Industrigasframställning;
20.120;20120;Tillverkning av färgämnen;
20.130;20130;Tillverkning av andra oorganiska baskemikalier;
20.140;20140;Tillverkning av andra organiska baskemikalier;
20.150;20150;Tillverkning av gödselmedel och kväveprodukter;
20.160;20160;Basplastframställning;
20.170;20170;Tillverkning av syntetiskt basgummi;
20.200;20200;Tillverkning av bekämpningsmedel och andra lantbrukskemiska produkter;
20.300;20300;Tillverkning av färg, lack, tryckfärg m.m.;
20.410;20410;Tillverkning av tvål, såpa, tvättmedel och polermedel;
20.420;20420;Tillverkning av parfymer och toalettartiklar;
20.510;20510;Sprängämnestillverkning;
20.520;20520;Tillverkning av lim;
20.530;20530;Tillverkning av eteriska oljor;
20.590;20590;Tillverkning av övriga kemiska produkter;
20.600;20600;Konstfibertillverkning;
21.100;21100;Tillverkning av farmaceutiska basprodukter;
21.200;21200;Tillverkning av läkemedel;
22.110;22110;"Tillverkning av däck och slangar; regummering";
22.190;22190;Annan gummivarutillverkning;
22.210;22210;Tillverkning av plasthalvfabrikat;
22.220;22220;Plastförpackningstillverkning;
22.230;22230;Byggplastvarutillverkning;
22.290;22290;Annan plastvarutillverkning;
23.110;23110;Framställning av planglas;
23.120;23120;Bearbetning av planglas;
23.130;23130;Tillverkning av buteljer, glasförpackningar och husgeråd av glas;
23.140;23140;Tillverkning av glasfiber;
23.190;23190;Tillverkning av andra glasvaror inklusive tekniska glasvaror;
23.200;23200;Tillverkning av eldfasta produkter;
23.310;23310;Tillverkning av keramiska golv- och väggplattor;
23.320;23320;Tillverkning av murtegel, takpannor och andra byggvaror av tegel;
23.410;23410;Tillverkning av keramiska hushålls- och prydnadsartiklar;
23.420;23420;Tillverkning av keramiska sanitetsartiklar;
23.430;23430;Tillverkning av keramiska isolatorer o.d.;
23.440;23440;Tillverkning av andra tekniska keramiska produkter;
23.490;23490;Tillverkning av andra keramiska produkter;
23.510;23510;Tillverkning av cement;
23.520;23520;Tillverkning av kalk och gips;
23.610;23610;Tillverkning av betongvaror  för byggändamål;
23.620;23620;Tillverkning av gipsvaror  för byggändamål;
23.630;23630;Tillverkning av fabriksblandad betong;
23.640;23640;Tillverkning av murbruk;
23.650;23650;Tillverkning av fibercementvaror;
23.690;23690;Tillverkning av andra varor av betong, cement och gips;
23.701;23701;Huggning, formning och slutlig bearbetning av sten för byggnadsändamål;
23.709;23709;Huggning, formning och slutlig bearbetning av sten för prydnadsändamål;
23.910;23910;Slipmedelstillverkning;
23.991;23991;Tillverkning av varor av sten- och mineralull;
23.999;23999;Diverse övrig tillverkning av icke-metalliska mineraliska produkter;
24.100;24100;Framställning av järn och stål samt ferrolegeringar;
24.200;24200;Tillverkning av rör, ledningar, ihåliga profiler och tillbehör av stål;
24.310;24310;Tillverkning av kalldragen stålstång;
24.320;24320;Tillverkning av kallvalsade stålband;
24.330;24330;Tillverkning av andra kallformade produkter av stål;
24.340;24340;Tillverkning av kalldragen ståltråd;
24.410;24410;Framställning av ädla metaller;
24.420;24420;Framställning av aluminium;
24.430;24430;Framställning av bly, zink och tenn;
24.440;24440;Framställning av koppar;
24.450;24450;Framställning av andra metaller;
24.460;24460;Tillverkning av kärnbränsle;
24.510;24510;Gjutning av järn;
24.520;24520;Gjutning av stål;
24.530;24530;Gjutning av lättmetall;
24.540;24540;Gjutning av andra metaller;
25.110;25110;Tillverkning av metallstommar och delar därav;
25.120;25120;Tillverkning av dörrar och fönster av metall;
25.210;25210;Tillverkning av radiatorer och pannor för centraluppvärmning;
25.290;25290;Tillverkning av andra cisterner, tankar, kar och andra behållare av metall;
25.300;25300;Tillverkning av ånggeneratorer utom varmvattenpannor för centraluppvärmning;
25.400;25400;Tillverkning av vapen och ammunition;
25.500;25500;"Smidning, pressning, prägling och valsning av metall; pulvermetallurgi";
25.610;25610;Beläggning och överdragning av metall;
25.620;25620;Metallegoarbeten;
25.710;25710;Tillverkning av bestick;
25.720;25720;Tillverkning av lås och gångjärn;
25.730;25730;Tillverkning av verktyg och redskap;
25.910;25910;Tillverkning av stålfat o.d. behållare;
25.920;25920;Tillverkning av lättmetallförpackningar;
25.930;25930;Tillverkning av metalltrådvaror, kedjor och fjädrar;
25.940;25940;Tillverkning av nitar och skruvar;
25.991;25991;Tillverkning av diskbänkar, sanitetsgods m. m. av metall för byggändamål;
25.999;25999;Diverse övrig metallvarutillverkning;
26.110;26110;Tillverkning av elektroniska komponenter;
26.120;26120;Tillverkning av kretskort;
26.200;26200;Tillverkning av datorer och kringutrustning;
26.300;26300;Tillverkning av kommunikationsutrustning;
26.400;26400;Tillverkning av hemelektronik;
26.510;26510;Tillverkning av instrument och apparater för mätning, provning och navigering;
26.520;26520;Urtillverkning;
26.600;26600;Tillverkning av strålningsutrustning samt elektromedicinsk och elektroterapeutisk utrustning;
26.700;26700;Tillverkning av optiska instrument och fotoutrustning;
26.800;26800;Tillverkning av magnetiska och optiska medier;
27.110;27110;Tillverkning av elmotorer, generatorer och transformatorer;
27.120;27120;Tillverkning av eldistributions- och elkontrollapparater;
27.200;27200;Batteri- och ackumulatortillverkning;
27.310;27310;Tillverkning av optiska fiberkablar;
27.320;27320;Tillverkning av andra elektroniska och elektriska ledningar och kablar;
27.330;27330;Tillverkning av kabeltillbehör;
27.400;27400;Tillverkning av belysningsarmatur;
27.510;27510;Tillverkning av elektriska hushållsmaskiner och hushållsapparater;
27.520;27520;Tillverkning av icke-elektriska hushållsmaskiner och hushållsapparater;
27.900;27900;Tillverkning av annan elapparatur;
28.110;28110;Tillverkning av motorer och turbiner utom för luftfartyg och fordon;
28.120;28120;Tillverkning av fluidteknisk utrustning;
28.130;28130;Tillverkning av andra pumpar och kompressorer;
28.140;28140;Tillverkning av andra kranar och ventiler;
28.150;28150;Tillverkning av lager, kugghjul och andra delar för kraftöverföring;
28.210;28210;Tillverkning av ugnar och brännare;
28.220;28220;Tillverkning av lyft- och godshanteringsanordningar;
28.230;28230;Tillverkning av kontorsmaskiner och kontorsutrustning (utom datorer och kringutrustning);
28.240;28240;Tillverkning av motordrivna handverktyg;
28.250;28250;Tillverkning av maskiner och apparater för kyla och ventilation utom för hushåll;
28.290;28290;Övrig tillverkning av maskiner för allmänt ändamål;
28.300;28300;Tillverkning av jord- och skogsbruksmaskiner;
28.410;28410;Tillverkning av verktygsmaskiner för metallbearbetning;
28.490;28490;Tillverkning av övriga verktygsmaskiner;
28.910;28910;Tillverkning av maskiner för metallurgi;
28.920;28920;Tillverkning av gruv-, bergbrytnings- och byggmaskiner;
28.930;28930;Tillverkning av maskiner för framställning av livsmedel, drycker och tobaksvaror;
28.940;28940;Tillverkning av maskiner för produktion av textil-, beklädnads- och lädervaror;
28.950;28950;Tillverkning av maskiner för produktion av massa, papper och papp;
28.960;28960;Tillverkning av maskiner för gummi och plast;
28.990;28990;Tillverkning av övriga specialmaskiner;
29.101;29101;Tillverkning av personbilar och andra lätta motorfordon;
29.102;29102;Tillverkning av lastbilar och andra tunga motorfordon;
29.200;29200;"Tillverkning av karosserier för motorfordon; tillverkning av släpfordon och påhängsvagnar";
29.310;29310;Tillverkning av elektrisk och elektronisk utrustning för motorfordon;
29.320;29320;Tillverkning av andra delar och tillbehör till motorfordon;
30.110;30110;Byggande av fartyg och flytande materiel;
30.120;30120;Byggande av fritidsbåtar;
30.200;30200;Tillverkning av rälsfordon;
30.300;30300;Tillverkning av luftfartyg, rymdfarkoster o.d.;
30.400;30400;Tillverkning av militära stridsfordon;
30.910;30910;Tillverkning av motorcyklar;
30.920;30920;Tillverkning av cyklar och invalidfordon;
30.990;30990;Diverse övrig transportmedelstillverkning;
31.011;31011;Tillverkning av kontors- och butiksmöbler;
31.012;31012;Tillverkning av kontors- och butiksinredningar;
31.021;31021;Tillverkning av köksmöbler;
31.022;31022;Tillverkning av köksinredningar;
31.030;31030;Tillverkning av madrasser;
31.090;31090;Tillverkning av andra möbler;
32.110;32110;Prägling av mynt;
32.120;32120;Tillverkning av smycken, guld- och silversmedsvaror;
32.130;32130;Tillverkning av bijouterier o.d.;
32.200;32200;Tillverkning av musikinstrument;
32.300;32300;Tillverkning av sportartiklar;
32.400;32400;Tillverkning av spel och leksaker;
32.501;32501;Tillverkning av medicinska och dentala instrument och tillbehör;
32.502;32502;Tillverkning av tandproteser;
32.910;32910;Tillverkning av borstbinderiarbeten;
32.990;32990;Diverse övrig tillverkning;
33.110;33110;Reparation av metallvaror;
33.120;33120;Reparation av maskiner;
33.130;33130;Reparation av elektronisk och optisk utrustning;
33.140;33140;Reparation av elapparatur;
33.150;33150;Reparation och underhåll av fartyg och båtar;
33.160;33160;Reparation och underhåll av luftfartyg och rymdfarkoster;
33.170;33170;Reparation och underhåll av andra transportmedel;
33.190;33190;Reparation av annan utrustning;
33.200;33200;Installation av industrimaskiner och -utrustning;
35.110;35110;Generering av elektricitet;
35.120;35120;Överföring av elektricitet;
35.130;35130;Distribution av elektricitet;
35.140;35140;Handel med elektricitet;
35.210;35210;Framställning av gas;
35.220;35220;Distribution av gasformiga bränslen via rörnät;
35.230;35230;Handel med gas via rörnät;
35.300;35300;Försörjning av värme och kyla;
36.001;36001;Grundvattenförsörjning;
36.002;36002;Ytvattenförsörjning;
37.000;37000;Avloppsrening;
38.110;38110;Insamling av icke-farligt avfall;
38.120;38120;Insamling av farligt avfall;
38.210;38210;Behandling och bortskaffande av icke-farligt avfall;
38.220;38220;Behandling och bortskaffande av farligt avfall;
38.311;38311;Demontering av uttjänta fordon;
38.312;38312;Demontering av elektrisk och elektronisk utrustning;
38.319;38319;Demontering av övrig kasserad utrustning;
38.320;38320;Återvinning av källsorterat material;
39.000;39000;Sanering, efterbehandling av jord och vatten samt annan verksamhet för föroreningsbekämpning;
41.100;41100;Utformning av byggprojekt;
41.200;41200;Byggande av bostadshus och andra byggnader;
42.110;42110;Anläggning av vägar och motorvägar;
42.120;42120;Anläggning av järnvägar och tunnelbanor;
42.130;42130;Anläggning av broar och tunnlar;
42.210;42210;Allmännyttiga anläggningsarbeten för värme, vatten och avlopp;
42.220;42220;Anläggningsarbeten för el och telekommunikation;
42.910;42910;Vattenbyggnad;
42.990;42990;Övriga anläggningsarbeten;
43.110;43110;Rivning av hus och byggnader;
43.120;43120;Mark- och grundarbeten;
43.130;43130;Markundersökning;
43.210;43210;Elinstallationer;
43.221;43221;Värme- och sanitetsarbeten;
43.222;43222;Ventilationsarbeten;
43.223;43223;Kyl- och frysinstallationsarbeten;
43.229;43229;Övriga VVS-arbeten;
43.290;43290;Andra bygginstallationer;
43.310;43310;Puts-, fasad- och stuckatörsarbeten;
43.320;43320;Byggnadssnickeriarbeten;
43.330;43330;Golv- och väggbeläggningsarbeten;
43.341;43341;Måleriarbeten;
43.342;43342;Glasmästeriarbeten;
43.390;43390;Annan slutbehandling av byggnader;
43.911;43911;Takarbeten av plåt;
43.912;43912;Takarbeten av andra material än plåt;
43.991;43991;Uthyrning av bygg- och anläggningsmaskiner med förare;
43.999;43999;Diverse övrig specialiserad bygg- och anläggningsverksamhet;
45.110;45110;Handel med personbilar och lätta motorfordon;
45.191;45191;Handel med lastbilar, bussar och specialfordon;
45.192;45192;Handel med husvagnar, husbilar, släpfordon och påhängsvagnar;
45.201;45201;Allmän service och reparation av motorfordon utom motorcyklar;
45.202;45202;Plåt-, lack- och glasreparationer på motorfordon utom motorcyklar;
45.203;45203;Installationer och reparationer av elsystem till motorfordon utom motorcyklar;
45.204;45204;Däckservice;
45.310;45310;Parti- och provisionshandel med reservdelar och tillbehör till motorfordon utom motorcyklar;
45.320;45320;Detaljhandel med reservdelar och tillbehör till motorfordon utom motorcyklar;
45.400;45400;Handel med och service av motorcyklar inklusive reservdelar och tillbehör;
46.110;46110;Provisionshandel med jordbruksråvaror, levande djur, textilråvaror och textilhalvfabrikat;
46.120;46120;Provisionshandel med bränsle, malm, metaller och industrikemikalier;
46.130;46130;Provisionshandel med virke och byggmaterial;
46.141;46141;Provisionshandel med maskiner, industriell utrustning, fartyg och luftfartyg utom kontorsutrustning och datorer;
46.142;46142;Provisionshandel med kontorsutrustning och datorer;
46.150;46150;Provisionshandel med möbler, hushålls- och järnhandelsvaror;
46.160;46160;Provisionshandel med textilier, kläder, skodon och lädervaror;
46.170;46170;Provisionshandel med livsmedel, drycker och tobak;
46.180;46180;Provisionshandel med annat specialsortiment;
46.190;46190;Provisionshandel med blandat sortiment;
46.210;46210;Partihandel med spannmål, råtobak, utsäde och djurfoder;
46.220;46220;Partihandel med blommor och växter;
46.230;46230;Partihandel med levande djur;
46.240;46240;Partihandel med hudar, skinn och läder;
46.310;46310;Partihandel med frukt och grönsaker;
46.320;46320;Partihandel med kött- och köttvaror;
46.330;46330;Partihandel med mejeriprodukter, ägg, matolja och matfett;
46.340;46340;Partihandel med drycker;
46.350;46350;Partihandel med tobak;
46.360;46360;Partihandel med socker, choklad och sockerkonfektyrer;
46.370;46370;Partihandel med kaffe, te, kakao och kryddor;
46.380;46380;Partihandel med andra livsmedel, bl.a. fisk samt skal- och blötdjur;
46.390;46390;Icke specialiserad partihandel med livsmedel, drycker och tobak;
46.410;46410;Partihandel med textilier;
46.420;46420;Partihandel med kläder och skodon;
46.431;46431;Partihandel med elektriska hushållsmaskiner och -apparater;
46.432;46432;Partihandel med ljud- och bildanläggningar samt videoutrustning;
46.433;46433;Partihandel med inspelade band och skivor för musik och bild;
46.434;46434;Partihandel med elartiklar;
46.435;46435;Partihandel med fotografiska och optiska produkter;
46.440;46440;Partihandel med glas och porslin, rengöringsmedel;
46.450;46450;Partihandel med parfym och kosmetika;
46.460;46460;Partihandel med medicinsk utrustning och apoteksvaror;
46.470;46470;Partihandel med möbler, mattor och belysningsartiklar;
46.480;46480;Partihandel med ur och guldsmedsvaror;
46.491;46491;Partihandel med sport- och fritidsartiklar;
46.492;46492;Partihandel med kontorsförbrukningsvaror;
46.499;46499;Partihandel med övriga hushållsvaror;
46.510;46510;Partihandel med datorer och kringutrustning samt programvara;
46.521;46521;Partihandel med elektronikkomponenter;
46.522;46522;Partihandel med teleprodukter;
46.610;46610;Partihandel med jordbruksmaskiner och -utrustning;
46.620;46620;Partihandel med verktygsmaskiner;
46.630;46630;Partihandel med gruv-, bygg- och anläggningsmaskiner;
46.640;46640;Partihandel med textil-, sy- och stickmaskiner;
46.650;46650;Partihandel med kontorsmöbler;
46.660;46660;Partihandel med andra kontorsmaskiner och kontorsutrustning;
46.691;46691;Partihandel med mät- och precisionsinstrument;
46.692;46692;Partihandel med datoriserad materialhanteringsutrustning;
46.699;46699;Partihandel med diverse övriga maskiner och utrustning;
46.710;46710;Partihandel med bränslen;
46.720;46720;Partihandel med metaller och metallmalmer;
46.731;46731;Partihandel med virke och andra byggmaterial;
46.732;46732;Partihandel med sanitetsgods;
46.741;46741;Partihandel med järnhandelsvaror;
46.742;46742;Partihandel med VVS-varor;
46.750;46750;Partihandel med kemiska produkter;
46.761;46761;Partihandel med industriförnödenheter;
46.762;46762;Partihandel med emballage;
46.769;46769;Partihandel med övriga insatsvaror;
46.771;46771;Partihandel med uttjänta fordon;
46.772;46772;Partihandel med metallavfall och metallskrot;
46.773;46773;Partihandel med avfall och skrot av icke-metall;
46.900;46900;Övrig partihandel;
47.111;47111;Varuhus- och stormarknadshandel, mest livsmedel, drycker och tobak;
47.112;47112;Livsmedelshandel med brett sortiment, ej varuhus eller stormarknad;
47.191;47191;Annan varuhus- och stormarknadshandel;
47.199;47199;Övrig detaljhandel med brett sortiment;
47.210;47210;Specialiserad butikshandel med frukt och grönsaker;
47.220;47220;Specialiserad butikshandel med kött och charkuterier;
47.230;47230;Specialiserad butikshandel med fisk, skal- och blötdjur;
47.241;47241;Specialiserad butikshandel med bröd och konditorivaror;
47.242;47242;Specialiserad butikshandel med konfektyrer;
47.250;47250;Specialiserad butikshandel med alkoholhaltiga och andra drycker;
47.260;47260;Specialiserad butikshandel med tobaksvaror;
47.291;47291;Specialiserad butikshandel med hälsokost;
47.299;47299;Övrig specialiserad butikshandel med livsmedel;
47.300;47300;Specialiserad detaljhandel med drivmedel;
47.410;47410;Specialiserad butikshandel med datorer, programvara, data- och tv-spel;
47.420;47420;Specialiserad butikshandel med telekommunikationsutrustning;
47.430;47430;Specialiserad butikshandel med ljud- och bildanläggningar samt videoutrustning;
47.510;47510;Specialiserad butikshandel med textilier;
47.521;47521;Specialiserad butikshandel med virke och byggvaror;
47.522;47522;Specialiserad butikshandel med järn- och VVS-varor;
47.523;47523;Specialiserad butikshandel med färger, fernissor och lacker;
47.531;47531;Specialiserad butikshandel med mattor och annan vägg- och golvbeklädnad;
47.532;47532;Specialiserad butikshandel med inredningstextilier;
47.540;47540;Specialiserad butikshandel med elektriska hushållsmaskiner och hushållsapparater;
47.591;47591;Specialiserad butikshandel med möbler för hemmet;
47.592;47592;Specialiserad butikshandel med kontorsmöbler;
47.593;47593;Specialiserad butikshandel med glas, porslin och andra bosättningsvaror;
47.594;47594;Specialiserad butikshandel med belysningsartiklar;
47.595;47595;Specialiserad butikshandel med musikinstrument och noter;
47.610;47610;Specialiserad butikshandel med böcker;
47.621;47621;Specialiserad butikshandel med tidningar;
47.622;47622;Specialiserad butikshandel med kontorsförbrukningsvaror;
47.630;47630;Specialiserad butikshandel med inspelade och oinspelade band och skivor för musik och bild;
47.641;47641;Specialiserad butikshandel med sport- och fritidsartiklar utom cyklar och båtar;
47.642;47642;Specialiserad butikshandel med cyklar;
47.643;47643;Specialiserad butikshandel med båtar;
47.650;47650;Specialiserad butikshandel med spel och leksaker;
47.711;47711;Specialiserad butikshandel med herr-, dam- och barnkläder, blandat;
47.712;47712;Specialiserad butikshandel med herrkläder;
47.713;47713;Specialiserad butikshandel med damkläder;
47.714;47714;Specialiserad butikshandel med barnkläder;
47.715;47715;Specialiserad butikshandel med pälsar;
47.721;47721;Specialiserad butikshandel med skodon;
47.722;47722;Specialiserad butikshandel med väskor, reseffekter och lädervaror;
47.730;47730;Apotekshandel;
47.740;47740;Specialiserad butikshandel med sjukvårdsartiklar;
47.750;47750;Specialiserad butikshandel med kosmetika och hygienartiklar;
47.761;47761;Specialiserad butikshandel med blommor och andra växter, frön och gödselmedel;
47.762;47762;Specialiserad butikshandel med små sällskapsdjur;
47.771;47771;Specialiserad butikshandel med ur;
47.772;47772;Specialiserad butikshandel med guldsmedsvaror och smycken;
47.781;47781;Specialiserad butikshandel med glasögon och andra optiska artiklar utom fotoutrustning;
47.782;47782;Specialiserad butikshandel med fotoutrustning;
47.783;47783;Specialiserad butikshandel med konst samt galleriverksamhet;
47.784;47784;Specialiserad butikshandel med mynt och frimärken;
47.789;47789;Övrig specialiserad butikshandel;
47.791;47791;Specialiserad butikshandel med antikviteter och begagnade böcker;
47.792;47792;Specialiserad butikshandel med övriga begagnade varor;
47.793;47793;Auktioner i butik;
47.810;47810;Torg- och marknadshandel med livsmedel, drycker och tobak;
47.820;47820;Torg- och marknadshandel med textilier, kläder och skodon;
47.890;47890;Torg- och marknadshandel med övriga varor;
47.911;47911;Postorderhandel och detaljhandel på Internet med brett sortiment;
47.912;47912;Postorderhandel och detaljhandel på Internet med beklädnadsvaror;
47.913;47913;Postorderhandel och detaljhandel på Internet med böcker och andra mediavaror;
47.914;47914;Postorderhandel och detaljhandel på Internet med datorer och annan elektronisk utrustning;
47.915;47915;Postorderhandel och detaljhandel på Internet med sport- och fritidsutrustning;
47.916;47916;Postorderhandel och detaljhandel på Internet med bosättningsvaror;
47.917;47917;Auktioner på Internet;
47.919;47919;Postorderhandel och detaljhandel på Internet med övriga varor;
47.991;47991;Provisionsdetaljhandel (ej auktioner);
47.992;47992;Ambulerande och tillfällig handel med livsmedel;
47.993;47993;Ambulerande och tillfällig handel med övriga varor;
47.994;47994;Auktioner ej i butik eller på Internet;
47.999;47999;Övrig detaljhandel ej i butik;
49.100;49100;Järnvägstransport, passagerartrafik;
49.200;49200;Järnvägstransport, godstrafik;
49.311;49311;Linjebussverksamhet;
49.319;49319;Övrig kollektivtrafik;
49.320;49320;Taxitrafik;
49.390;49390;Annan landtransport av passagerare;
49.410;49410;Vägtransport, godstrafik;
49.420;49420;Flyttjänster;
49.500;49500;Transport i rörsystem;
50.101;50101;Reguljär sjötrafik över hav och kust av passagerare;
50.102;50102;Icke reguljär sjötrafik över hav och kust av passagerare;
50.201;50201;Reguljär sjötrafik över hav och kust av gods;
50.202;50202;Icke reguljär sjötrafik över hav och kust av gods;
50.301;50301;Reguljär sjötrafik på inre vattenvägar av passagerare;
50.302;50302;Icke reguljär sjötrafik på inre vattenvägar av passagerare;
50.401;50401;Reguljär sjötrafik på inre vattenvägar av gods;
50.402;50402;Icke reguljär sjötrafik på inre vattenvägar av gods;
51.101;51101;Reguljär lufttransport av passagerare;
51.102;51102;Icke reguljär lufttransport av passagerare;
51.211;51211;Reguljär lufttransport av gods;
51.212;51212;Icke reguljär lufttransport av gods;
51.220;51220;Rymdfart;
52.100;52100;Magasinering och varulagring;
52.211;52211;Bärgning för landtransport;
52.219;52219;Övriga stödtjänster till landtransport;
52.220;52220;Stödtjänster till sjötransport;
52.230;52230;Stödtjänster till lufttransport;
52.241;52241;Hamngodshantering;
52.249;52249;Övrig godshantering;
52.290;52290;Övriga stödtjänster till transport;
53.100;53100;Postbefordran via nationella posten;
53.201;53201;Annan postbefordran;
53.202;53202;Bud- och kurirverksamhet;
53.203;53203;Tidningsdistribution;
55.101;55101;Hotellverksamhet med restaurangrörelse;
55.102;55102;Drift av konferensanläggningar;
55.103;55103;Hotellverksamhet utan restaurangrörelse;
55.201;55201;Vandrarhemsverksamhet;
55.202;55202;Stugbyverksamhet m.m.;
55.300;55300;Campingplatsverksamhet;
55.900;55900;Annan logiverksamhet;
56.100;56100;Restaurangverksamhet;
56.210;56210;Cateringverksamhet vid enskilda evenemang;
56.291;56291;Drift av personalmatsalar;
56.292;56292;Centralköksverksamhet för sjukhus;
56.293;56293;Centralköksverksamhet för skolor, omsorgs- och andra institutioner;
56.294;56294;Cateringverksamhet för transportsektorn;
56.299;56299;Övrig cateringverksamhet;
56.300;56300;Barverksamhet;
58.110;58110;Bokutgivning;
58.120;58120;Publicering av kataloger och sändlistor;
58.131;58131;Dagstidningsutgivning;
58.132;58132;Annonstidningsutgivning;
58.140;58140;Utgivning av tidskrifter;
58.190;58190;Annan förlagsverksamhet;
58.210;58210;Utgivning av dataspel;
58.290;58290;Utgivning av annan programvara;
59.110;59110;Produktion av film, video och TV-program;
59.120;59120;Efterproduktion av film, video och TV-program;
59.130;59130;Film-, video- och TV-programdistribution;
59.140;59140;Filmvisning;
59.200;59200;Ljudinspelning och fonogramutgivning;
60.100;60100;Sändning av radioprogram;
60.200;60200;Planering av TV-program och sändningsverksamhet;
61.100;61100;Trådbunden telekommunikation;
61.200;61200;Trådlös telekommunikation;
61.300;61300;Telekommunikation via satellit;
61.900;61900;Annan telekommunikation;
62.010;62010;Dataprogrammering;
62.020;62020;Datakonsultverksamhet;
62.030;62030;Datordrifttjänster;
62.090;62090;Andra IT- och datatjänster;
63.110;63110;Databehandling, hosting o.d.;
63.120;63120;Webbportaler;
63.910;63910;Nyhetsservice;
63.990;63990;Övriga informationstjänster;
64.110;64110;Centralbanksverksamhet;
64.190;64190;Annan monetär finansförmedling;
64.201;64201;Holdingverksamhet i finansiella koncerner;
64.202;64202;Holdingverksamhet i icke-finansiella koncerner;
64.301;64301;Investeringsfonder;
64.309;64309;Andra fonder och liknande finansiella enheter;
64.910;64910;Finansiell leasing;
64.920;64920;Annan kreditgivning;
64.991;64991;Investment- och riskkapitalbolagsverksamhet;
64.992;64992;Handel med och förvaltning av värdepapper, för egen räkning;
64.993;64993;Förvaltning av och handel med värdepapper för en begränsad och sluten krets av ägare;
64.999;64999;Diverse övrig finansförmedling;
65.111;65111;Fondanknuten livförsäkring;
65.119;65119;Övrig livförsäkring;
65.120;65120;Skadeförsäkring;
65.200;65200;Återförsäkring;
65.300;65300;Pensionsfondsverksamhet;
66.110;66110;Administrativa tjänster till finansiella marknader;
66.120;66120;Verksamhet utförd av värdepappers- och varumäklare;
66.190;66190;Andra stödtjänster till finansiella tjänster utom försäkring och pensionsfondsverksamhet;
66.210;66210;Risk- och skadebedömning;
66.220;66220;Verksamhet utförd av försäkringsombud och försäkringsmäklare;
66.290;66290;Andra stödtjänster till försäkring och pensionsfondsverksamhet;
66.301;66301;Förvaltning av investeringsfonder;
66.309;66309;Annan fondförvaltning;
68.100;68100;Handel med egna fastigheter;
68.201;68201;Uthyrning och förvaltning av egna eller arrenderade bostäder;
68.202;68202;Uthyrning och förvaltning av egna eller arrenderade industrilokaler;
68.203;68203;Uthyrning och förvaltning av egna eller arrenderade, andra lokaler;
68.204;68204;Förvaltning i bostadsrättsföreningar;
68.209;68209;Övrig förvaltning av egna eller arrenderade fastigheter;
68.310;68310;Fastighetsförmedling;
68.320;68320;Fastighetsförvaltning på uppdrag;
69.101;69101;Advokatbyråverksamhet;
69.102;69102;Juridiska byråers verksamhet m.m.;
69.103;69103;Patentbyråverksamhet m.m.;
69.201;69201;Redovisning och bokföring;
69.202;69202;Revision;
69.203;69203;Skatterådgivning;
70.100;70100;Verksamheter som utövas av huvudkontor;
70.210;70210;PR och kommunikation;
70.220;70220;Konsultverksamhet avseende företags organisation;
71.110;71110;Arkitektverksamhet;
71.121;71121;Teknisk konsultverksamhet inom bygg- och anläggningsteknik;
71.122;71122;Teknisk konsultverksamhet inom industriteknik;
71.123;71123;Teknisk konsultverksamhet inom elteknik;
71.124;71124;Teknisk konsultverksamhet inom energi-, miljö- och VVS-teknik;
71.129;71129;Övrig teknisk konsultverksamhet;
71.200;71200;Teknisk provning och analys;
72.110;72110;Bioteknisk forskning och utveckling;
72.190;72190;Annan naturvetenskaplig och teknisk forskning och utveckling;
72.200;72200;Samhällsvetenskaplig och humanistisk forskning och utveckling;
73.111;73111;Reklambyråverksamhet;
73.112;73112;Direktreklamverksamhet;
73.119;73119;Övrig reklamverksamhet;
73.120;73120;Mediebyråverksamhet och annonsförsäljning;
73.200;73200;Marknads- och opinionsundersökning;
74.101;74101;Industri- och produktdesignverksamhet;
74.102;74102;Grafisk designverksamhet;
74.103;74103;Inredningsarkitektverksamhet;
74.201;74201;Porträttfotoverksamhet;
74.202;74202;Reklamfotoverksamhet;
74.203;74203;Press- och övrig fotografverksamhet;
74.204;74204;Fotolaboratorieverksamhet;
74.300;74300;Översättning och tolkning;
74.900;74900;Övrig verksamhet inom juridik, ekonomi, vetenskap och teknik;
75.000;75000;Veterinärverksamhet;
77.110;77110;Uthyrning och leasing av personbilar och lätta motorfordon;
77.120;77120;Uthyrning och leasing av lastbilar och andra tunga motorfordon;
77.210;77210;Uthyrning och leasing av fritids- och sportutrustning;
77.220;77220;Uthyrning av videokassetter och dvd-skivor;
77.290;77290;Uthyrning och leasing av andra hushållsartiklar och varor för personligt bruk;
77.310;77310;Uthyrning och leasing av jordbruksmaskiner och jordbruksredskap;
77.320;77320;Uthyrning och leasing av bygg- och anläggningsmaskiner;
77.330;77330;Uthyrning och leasing av kontorsmaskiner och kontorsutrustning (inklusive datorer);
77.340;77340;Uthyrning och leasing av fartyg och båtar;
77.350;77350;Uthyrning och leasing av flygplan;
77.390;77390;Uthyrning och leasing av övrig utrustning och övriga maskiner och materiella tillgångar;
77.400;77400;Leasing av immateriell egendom och liknande produkter, med undantag för upphovsrättsskyddade verk;
78.100;78100;Arbetsförmedling och rekrytering;
78.200;78200;Personaluthyrning;
78.300;78300;Övrigt tillhandahållande av personalfunktioner;
79.110;79110;Resebyråverksamhet;
79.120;79120;Researrangemang;
79.900;79900;Turist- och bokningsservice;
80.100;80100;Säkerhetsverksamhet;
80.200;80200;Säkerhetssystemtjänster;
80.300;80300;Spanings- och detektivverksamhet;
81.100;81100;Fastighetsrelaterade stödtjänster;
81.210;81210;Lokalvård;
81.221;81221;Rengöring av byggnader;
81.222;81222;Skorstensfejarverksamhet;
81.290;81290;Annan rengöring;
81.300;81300;Skötsel och underhåll av grönytor;
82.110;82110;Kombinerade kontorstjänster;
82.190;82190;Kopiering, dokumentsammanställning och andra specialiserade kontorstjänster;
82.200;82200;Callcenterverksamhet;
82.300;82300;Arrangemang av kongresser och mässor;
82.910;82910;Inkassoföretags och kreditupplysningsföretags verksamhet;
82.920;82920;Förpackningsverksamhet;
82.990;82990;Övriga företagstjänster;
84.111;84111;Stats- och kommunledning, lagstiftning och övergripande planering;
84.112;84112;Inspektion, kontroll, tillståndsgivning;
84.113;84113;Skatteförvaltning, indrivning;
84.114;84114;Samhällelig informationsförsörjning;
84.115;84115;Personalförvaltning och andra allmänna stödtjänster;
84.121;84121;Administration av grundskole- och gymnasieskoleutbildning;
84.122;84122;Administration av universitets- och högskoleutbildning samt forskning;
84.123;84123;Administration av hälso- och sjukvård;
84.124;84124;Administration av omsorg och socialtjänst;
84.125;84125;Administration av program för kultur, miljö, boende m.m.;
84.131;84131;Administration av infrastrukturprogram;
84.132;84132;Administration av program för jordbruk, skogsbruk, jakt och fiske;
84.133;84133;Administration av arbetsmarknadsprogram;
84.139;84139;Administration av andra näringslivsprogram;
84.210;84210;Utrikesförvaltning;
84.221;84221;Militärt försvar;
84.222;84222;Gemensam verksamhet för totalförsvaret;
84.223;84223;Civilt försvar och frivilligförsvar;
84.231;84231;Åklagarverksamhet;
84.232;84232;Domstolsverksamhet;
84.233;84233;Kriminalvård;
84.240;84240;Polisverksamhet;
84.250;84250;Brand- och räddningsverksamhet;
84.300;84300;Obligatorisk socialförsäkring;
85.100;85100;Förskoleutbildning;
85.201;85201;Grundskoleutbildning och förskoleklass;
85.202;85202;Utbildning inom grundsärskola;
85.311;85311;Studieförberedande gymnasial utbildning;
85.312;85312;Kommunal vuxenutbildning o.d.;
85.321;85321;Gymnasial yrkesutbildning;
85.322;85322;Utbildning inom gymnasiesärskola;
85.323;85323;Annan gymnasial utbildning;
85.324;85324;Yrkesförarutbildning m.m.;
85.410;85410;Eftergymnasial utbildning vid annat än universitet och högskola;
85.420;85420;Universitets- eller högskoleutbildning;
85.510;85510;Sport- och fritidsutbildning;
85.521;85521;Kommunala kulturskolans utbildning;
85.522;85522;Övrig musik-, dans- och kulturell utbildning;
85.530;85530;Trafikskoleverksamhet;
85.591;85591;Arbetsmarknadsutbildning;
85.592;85592;Folkhögskoleutbildning;
85.593;85593;Studieförbundens och frivilligorganisationernas utbildning;
85.594;85594;Personalutbildning;
85.599;85599;Diverse övrig utbildning;
85.600;85600;Stödverksamhet för utbildningsväsendet;
86.101;86101;Sluten primärvård;
86.102;86102;Specialiserad sluten somatisk hälso- och sjukvård på sjukhus;
86.103;86103;Specialiserad sluten psykiatrisk hälso- och sjukvård på sjukhus;
86.211;86211;Primärvårdsmottagningar med läkare m.m.;
86.212;86212;Annan allmän öppen hälso- och sjukvård, ej primärvård;
86.221;86221;Specialistläkarverksamhet inom öppenvård, på sjukhus;
86.222;86222;Specialistläkarverksamhet inom öppenvård, ej på sjukhus;
86.230;86230;Tandläkarverksamhet;
86.901;86901;Medicinsk laboratorieverksamhet m.m.;
86.902;86902;Ambulanstransporter och ambulanssjukvård;
86.903;86903;Primärvård, ej läkare;
86.904;86904;Tandhygienistverksamhet;
86.905;86905;Fysioterapeutisk verksamhet  o.d.;
86.909;86909;Annan öppen hälso- och sjukvård, utan läkare;
87.100;87100;Boende med sjuksköterskevård;
87.201;87201;Boende med särskild service för personer med utvecklingsstörning eller  psykiska funktionshinder;
87.202;87202;Boende med särskild service för barn och ungdomar med missbruksproblem;
87.203;87203;Boende med särskild service för vuxna med missbruksproblem;
87.301;87301;Vård och omsorg i särskilda boendeformer för äldre personer;
87.302;87302;Vård och omsorg i särskilda boendeformer för  personer med funktionshinder;
87.901;87901;Heldygnsvård med boende för barn och ungdomar med sociala problem;
87.902;87902;Omsorg och sociala insatser i övriga boendeformer för vuxna;
88.101;88101;Öppna sociala insatser för äldre personer;
88.102;88102;Öppna sociala insatser för personer med funktionshinder;
88.910;88910;Dagbarnvård;
88.991;88991;Öppna sociala insatser för barn och ungdomar med sociala problem;
88.992;88992;Öppna sociala insatser för vuxna med missbruksproblem;
88.993;88993;Övriga öppna sociala insatser för vuxna;
88.994;88994;Humanitära insatser;
88.995;88995;Drift av flyktingförläggning;
90.010;90010;Artistisk verksamhet;
90.020;90020;Stödtjänster till artistisk verksamhet;
90.030;90030;Litterärt och konstnärligt skapande;
90.040;90040;Drift av teatrar, konserthus o.d.;
91.011;91011;Biblioteksverksamhet;
91.012;91012;Arkivverksamhet;
91.020;91020;Museiverksamhet;
91.030;91030;Vård av historiska minnesmärken och byggnader och liknande sevärdheter;
91.040;91040;Drift av botaniska trädgårdar, djurparker och naturreservat;
92.000;92000;Spel- och vadhållningsverksamhet;
93.111;93111;Drift av skidsportanläggningar;
93.112;93112;Drift av golfbanor;
93.113;93113;Drift av motorbanor;
93.114;93114;Drift av trav- och galoppbanor;
93.119;93119;Drift av sporthallar, idrottsplatser och andra sportanläggningar;
93.120;93120;Sportklubbars och idrottsföreningars verksamhet;
93.130;93130;Drift av gymanläggningar;
93.191;93191;Tävling med hästar;
93.199;93199;Övrig sportverksamhet;
93.210;93210;Nöjes- och temaparksverksamhet;
93.290;93290;Övrig fritids- och nöjesverksamhet;
94.111;94111;Intressebevakning inom branschorganisationer;
94.112;94112;Intressebevakning inom arbetsgivarorganisationer;
94.120;94120;Intressebevakning inom yrkesorganisationer;
94.200;94200;Intressebevakning inom arbetstagarorganisationer;
94.910;94910;Verksamhet i religiösa samfund;
94.920;94920;Verksamhet i politiska organisationer;
94.990;94990;Verksamhet i andra intresseorganisationer;
95.110;95110;Reparation av datorer och kringutrustning;
95.120;95120;Reparation av kommunikationsutrustning;
95.210;95210;Reparation av hemelektronik;
95.220;95220;Reparation av hushållsapparater samt av utrustning för hem och trädgård;
95.230;95230;Lagning av skodon och lädervaror;
95.240;95240;Reparation av möbler och heminredning;
95.250;95250;Reparation av ur och guldsmedsvaror;
95.290;95290;Reparation av andra hushållsartiklar och personliga artiklar;
96.011;96011;Industri- och institutionstvätt;
96.012;96012;Konsumenttvätt;
96.021;96021;Hårvård;
96.022;96022;Skönhetsvård;
96.030;96030;Begravningsverksamhet;
96.040;96040;Kroppsvård;
96.090;96090;Övriga konsumenttjänster;
97.000;97000;Förvärvsarbete i hushåll;
98.100;98100;Hushållens produktion av diverse varor för eget bruk;
98.200;98200;Hushållens produktion av diverse tjänster för eget bruk;
99.000;99000;Verksamhet vid internationella organisationer, utländska ambassader o.d.;
;;;
;;;
;;;
;;;
;;;
;;;
;;;
;;;
